country,continent,year,vulnerable_pop,lower_confidence_limit,upper_confidence_limit
Afghanistan,Asia,1952,1685067,1637211,1718600
Afghanistan,Asia,1957,1848187,1802352,1893468
Afghanistan,Asia,1962,2053417,1989966,2126724
Afghanistan,Asia,1967,2307593,2278517,2384667
Afghanistan,Asia,1972,2615892,2587379,2699077
Afghanistan,Asia,1977,2976074,2896315,3032917
Afghanistan,Asia,1982,2576363,2575590,2612947
Afghanistan,Asia,1987,2773591,2722557,2865397
Afghanistan,Asia,1992,3263584,3147400,3304052
Afghanistan,Asia,1997,4445483,4290780,4580626
Afghanistan,Asia,2002,5053681,4950586,5126454
Afghanistan,Asia,2007,6377985,6237032,6434749
Albania,Europe,1952,256539,246560,264440
Albania,Europe,1957,295301,289572,304130
Albania,Europe,1962,345627,338645,348669
Albania,Europe,1967,396812,387249,412208
Albania,Europe,1972,452711,442751,468058
Albania,Europe,1977,501810,481788,502663
Albania,Europe,1982,556019,554573,573144
Albania,Europe,1987,615064,612788,627919
Albania,Europe,1992,665300,646738,684061
Albania,Europe,1997,685608,667714,698840
Albania,Europe,2002,701702,688721,715666
Albania,Europe,2007,720105,707503,733067
Algeria,Africa,1952,1855905,1836047,1865927
Algeria,Africa,1957,2054171,1990492,2104087
Algeria,Africa,1962,2200190,2199090,2227032
Algeria,Africa,1967,2552100,2468902,2553886
Algeria,Africa,1972,2952157,2905513,2972822
Algeria,Africa,1977,3430561,3401058,3566411
Algeria,Africa,1982,4006751,3931023,4060842
Algeria,Africa,1987,4650991,4589598,4737499
Algeria,Africa,1992,5259675,5092943,5463750
Algeria,Africa,1997,5814403,5589386,5973136
Algeria,Africa,2002,6257428,6181713,6291218
Algeria,Africa,2007,6666643,6481977,6912642
Angola,Africa,1952,846419,813070,864532
Angola,Africa,1957,912272,887002,940188
Angola,Africa,1962,965203,951787,981515
Angola,Africa,1967,1049494,1041518,1055791
Angola,Africa,1972,1178972,1132049,1184042
Angola,Africa,1977,1232535,1228468,1265444
Angola,Africa,1982,1403277,1371282,1443270
Angola,Africa,1987,1574846,1548389,1605870
Angola,Africa,1992,1747198,1677660,1777250
Angola,Africa,1997,1975005,1927605,2003445
Angola,Africa,2002,2173221,2089769,2175394
Angola,Africa,2007,2484095,2450311,2506700
Argentina,Americas,1952,3575391,3497447,3583972
Argentina,Americas,1957,3922108,3821702,3975841
Argentina,Americas,1962,4256757,4238879,4289960
Argentina,Americas,1967,4586845,4503823,4696471
Argentina,Americas,1972,4955960,4940101,5154198
Argentina,Americas,1977,5396766,5233244,5516574
Argentina,Americas,1982,5868275,5801377,5901137
Argentina,Americas,1987,6324184,6274855,6394382
Argentina,Americas,1992,6791789,6682441,7038331
Argentina,Americas,1997,7240693,7203041,7413021
Argentina,Americas,2002,7666224,7392540,7919209
Argentina,Americas,2007,8060385,8019277,8278015
Australia,Oceania,1952,1738242,1699827,1795952
Australia,Oceania,1957,1942514,1907743,1971069
Australia,Oceania,1962,2158994,2074793,2244490
Australia,Oceania,1967,2374453,2331475,2433577
Australia,Oceania,1972,2635400,2573205,2655956
Australia,Oceania,1977,2814820,2736849,2874494
Australia,Oceania,1982,3036840,3036536,3095147
Australia,Oceania,1987,3251450,3179268,3277136
Australia,Oceania,1992,3496395,3411083,3610377
Australia,Oceania,1997,3713049,3606484,3831867
Australia,Oceania,2002,3909358,3753375,3936724
Australia,Oceania,2007,4086835,3965047,4154676
Austria,Europe,1952,1385554,1342325,1394422
Austria,Europe,1957,1393172,1374921,1414766
Austria,Europe,1962,1425973,1386474,1475169
Austria,Europe,1967,1475400,1464335,1483367
Austria,Europe,1972,1508840,1449241,1522269
Austria,Europe,1977,1513686,1504301,1545776
Austria,Europe,1982,1514923,1464476,1550675
Austria,Europe,1987,1515781,1472278,1529423
Austria,Europe,1992,1582994,1565739,1607530
Austria,Europe,1997,1613975,1575401,1645609
Austria,Europe,2002,1629662,1623306,1648566
Austria,Europe,2007,1639957,1625197,1702275
Bahrain,Asia,1952,24089,23402,24113
Bahrain,Asia,1957,27731,27698,28272
Bahrain,Asia,1962,34373,33503,34813
Bahrain,Asia,1967,40436,38964,41431
Bahrain,Asia,1972,46160,46068,47369
Bahrain,Asia,1977,59482,57567,61189
Bahrain,Asia,1982,75593,74074,75963
Bahrain,Asia,1987,90922,88885,91858
Bahrain,Asia,1992,105898,103367,106639
Bahrain,Asia,1997,119712,116887,123782
Bahrain,Asia,2002,131279,129586,131975
Bahrain,Asia,2007,141715,141134,142424
Bangladesh,Asia,1952,9377372,9177634,9555542
Bangladesh,Asia,1957,10273094,10197073,10516566
Bangladesh,Asia,1962,11367858,11070020,11722535
Bangladesh,Asia,1967,12564377,12406066,12604583
Bangladesh,Asia,1972,14151859,13597106,14327342
Bangladesh,Asia,1977,16085661,15694779,16318903
Bangladesh,Asia,1982,18614881,17926130,18646526
Bangladesh,Asia,1987,20752848,20101209,21257142
Bangladesh,Asia,1992,22740916,22561263,22927392
Bangladesh,Asia,1997,24663058,24095808,25037936
Bangladesh,Asia,2002,27131358,26835626,27614296
Bangladesh,Asia,2007,30089668,29069628,30345430
Belgium,Europe,1952,1746081,1709763,1813305
Belgium,Europe,1957,1797822,1755214,1836116
Belgium,Europe,1962,1843680,1804410,1908024
Belgium,Europe,1967,1911300,1841920,1953731
Belgium,Europe,1972,1941820,1869778,1967064
Belgium,Europe,1977,1964360,1942948,1976539
Belgium,Europe,1982,1971261,1961405,1975992
Belgium,Europe,1987,1974040,1910081,2041552
Belgium,Europe,1992,2009124,1971955,2059352
Belgium,Europe,1997,2039957,2017517,2095852
Belgium,Europe,2002,2062394,2060332,2096217
Belgium,Europe,2007,2078445,2050594,2143500
Benin,Africa,1952,347663,347524,347767
Benin,Africa,1957,385035,383148,386306
Benin,Africa,1962,430379,419275,431713
Benin,Africa,1967,485467,475078,500905
Benin,Africa,1972,552281,549464,572053
Benin,Africa,1977,633653,629851,658682
Benin,Africa,1982,728321,701373,733274
Benin,Africa,1987,848758,830595,872693
Benin,Africa,1992,996334,959470,1015065
Benin,Africa,1997,1213216,1204117,1230322
Benin,Africa,2002,1405223,1371076,1459746
Benin,Africa,2007,1615663,1568163,1650238
Bolivia,Americas,1952,576663,574760,594309
Bolivia,Americas,1957,642348,635025,653782
Bolivia,Americas,1962,718784,694202,743582
Bolivia,Americas,1967,808133,781707,824700
Bolivia,Americas,1972,913174,908973,917923
Bolivia,Americas,1977,1015943,1001923,1024172
Bolivia,Americas,1982,1128445,1098203,1160041
Bolivia,Americas,1987,1231274,1210589,1273630
Bolivia,Americas,1992,1378690,1346842,1389720
Bolivia,Americas,1997,1538638,1514481,1545870
Bolivia,Americas,2002,1689027,1623493,1717572
Bolivia,Americas,2007,1823830,1818906,1838968
Bosnia and Herzegovina,Europe,1952,558200,546366,564284
Bosnia and Herzegovina,Europe,1957,615200,607941,634025
Bosnia and Herzegovina,Europe,1962,669800,667590,672144
Bosnia and Herzegovina,Europe,1967,717000,690901,739084
Bosnia and Herzegovina,Europe,1972,763800,758912,785339
Bosnia and Herzegovina,Europe,1977,817200,785002,824391
Bosnia and Herzegovina,Europe,1982,834539,817765,840548
Bosnia and Herzegovina,Europe,1987,867795,866927,879337
Bosnia and Herzegovina,Europe,1992,851203,824475,872994
Bosnia and Herzegovina,Europe,1997,721400,716927,725296
Bosnia and Herzegovina,Europe,2002,833083,824169,851744
Bosnia and Herzegovina,Europe,2007,910440,909530,936296
Botswana,Africa,1952,88462,86737,90444
Botswana,Africa,1957,94928,93276,98450
Botswana,Africa,1962,102553,100256,103630
Botswana,Africa,1967,110708,110686,114826
Botswana,Africa,1972,123870,119324,123994
Botswana,Africa,1977,156294,154684,160295
Botswana,Africa,1982,194069,188868,198397
Botswana,Africa,1987,230237,221902,238387
Botswana,Africa,1992,268523,268254,269812
Botswana,Africa,1997,307307,296428,315174
Botswana,Africa,2002,326069,315733,332982
Botswana,Africa,2007,327826,322745,329006
Brazil,Americas,1952,11320512,10883540,11596732
Brazil,Americas,1957,13110234,13017151,13477321
Brazil,Americas,1962,15207878,14660394,15589596
Brazil,Americas,1967,17609965,16986572,18222792
Brazil,Americas,1972,20168012,19470199,20458431
Brazil,Americas,1977,22862790,22339232,22901657
Brazil,Americas,1982,25792588,25661046,25988612
Brazil,Americas,1987,28587615,27624212,29636780
Brazil,Americas,1992,31195195,29984821,31975075
Brazil,Americas,1997,33709344,32822788,34248694
Brazil,Americas,2002,35982842,35461091,36040415
Brazil,Americas,2007,38002129,37618307,38549360
Bulgaria,Europe,1952,1454980,1449451,1513034
Bulgaria,Europe,1957,1530251,1485874,1590696
Bulgaria,Europe,1962,1602589,1565569,1619416
Bulgaria,Europe,1967,1662045,1648582,1717391
Bulgaria,Europe,1972,1715240,1656750,1748001
Bulgaria,Europe,1977,1759404,1704687,1797055
Bulgaria,Europe,1982,1778420,1723111,1779843
Bulgaria,Europe,1987,1794392,1773936,1812874
Bulgaria,Europe,1992,1731701,1681828,1782440
Bulgaria,Europe,1997,1613211,1589981,1638377
Bulgaria,Europe,2002,1532360,1521940,1548603
Bulgaria,Europe,2007,1464572,1415655,1489177
Burkina Faso,Africa,1952,893996,891493,896499
Burkina Faso,Africa,1957,942683,927129,975111
Burkina Faso,Africa,1962,983926,948209,985599
Burkina Faso,Africa,1967,1025587,1022715,1056149
Burkina Faso,Africa,1972,1086777,1068084,1115794
Burkina Faso,Africa,1977,1177915,1172497,1196408
Burkina Faso,Africa,1982,1326919,1304229,1330369
Burkina Faso,Africa,1987,1517310,1470273,1562526
Burkina Faso,Africa,1992,1775661,1742279,1812772
Burkina Faso,Africa,1997,2070569,2028951,2131651
Burkina Faso,Africa,2002,2450242,2448037,2521299
Burkina Faso,Africa,2007,2865241,2832864,2923119
Burundi,Africa,1952,489124,481494,496314
Burundi,Africa,1957,533504,530623,540706
Burundi,Africa,1962,592383,575322,604171
Burundi,Africa,1967,666198,651808,689182
Burundi,Africa,1972,705997,701620,715599
Burundi,Africa,1977,766883,742343,770487
Burundi,Africa,1982,916082,902707,952542
Burundi,Africa,1987,1025205,1016081,1037713
Burundi,Africa,1992,1161847,1158361,1171607
Burundi,Africa,1997,1224322,1207549,1243421
Burundi,Africa,2002,1404216,1370234,1411237
Burundi,Africa,2007,1678101,1656118,1715355
Cambodia,Asia,1952,938767,918959,953881
Cambodia,Asia,1957,1064507,1030869,1104320
Cambodia,Asia,1962,1216724,1185333,1224754
Cambodia,Asia,1967,1392013,1344406,1439759
Cambodia,Asia,1972,1490121,1471494,1507108
Cambodia,Asia,1977,1395721,1352035,1408003
Cambodia,Asia,1982,1454497,1450715,1478496
Cambodia,Asia,1987,1674358,1630155,1717222
Cambodia,Asia,1992,2030019,1999569,2034282
Cambodia,Asia,1997,2356592,2345280,2361070
Cambodia,Asia,2002,2585341,2582239,2683842
Cambodia,Asia,2007,2826372,2809131,2844743
Cameroon,Africa,1952,1001813,981977,1014436
Cameroon,Africa,1957,1071985,1043256,1111220
Cameroon,Africa,1962,1158727,1145865,1158843
Cameroon,Africa,1967,1267101,1253543,1290416
Cameroon,Africa,1972,1404206,1402802,1432711
Cameroon,Africa,1977,1591973,1573984,1632250
Cameroon,Africa,1982,1850166,1822043,1876438
Cameroon,Africa,1987,2156133,2112364,2230304
Cameroon,Africa,1992,2493434,2444563,2529339
Cameroon,Africa,1997,2839162,2751716,2887712
Cameroon,Africa,2002,3185998,3071621,3193007
Cameroon,Africa,2007,3539259,3437328,3567927
Canada,Americas,1952,2957117,2871952,3074515
Canada,Americas,1957,3402031,3359846,3511236
Canada,Americas,1962,3797170,3727682,3797929
Canada,Americas,1967,4163953,4024044,4309691
Canada,Americas,1972,4456900,4376676,4472053
Canada,Americas,1977,4759280,4580807,4944416
Canada,Americas,1982,5040380,4996529,5154797
Canada,Americas,1987,5309940,5110817,5478265
Canada,Americas,1992,5704700,5649364,5793123
Canada,Americas,1997,6061169,5895699,6079353
Canada,Americas,2002,6380454,6282195,6416185
Canada,Americas,2007,6678028,6487036,6785544
Central African Republic,Africa,1952,258339,249814,266244
Central African Republic,Africa,1957,278457,274113,287757
Central African Republic,Africa,1962,304696,301162,311430
Central African Republic,Africa,1967,346728,346277,360562
Central African Republic,Africa,1972,385452,374621,398480
Central African Republic,Africa,1977,433507,416557,443694
Central African Republic,Africa,1982,495394,479343,502627
Central African Republic,Africa,1987,568002,565389,572773
Central African Republic,Africa,1992,653025,651588,673138
Central African Republic,Africa,1997,739303,729840,764218
Central African Republic,Africa,2002,809603,793492,827576
Central African Republic,Africa,2007,873808,846545,876429
Chad,Africa,1952,536492,521738,543788
Chad,Africa,1957,578971,563918,601782
Chad,Africa,1962,630083,619372,638085
Chad,Africa,1967,699193,680035,706535
Chad,Africa,1972,779814,759383,802819
Chad,Africa,1977,877652,851059,882128
Chad,Africa,1982,975024,946748,1004470
Chad,Africa,1987,1099791,1083844,1140153
Chad,Africa,1992,1285883,1279196,1295784
Chad,Africa,1997,1512402,1490018,1542196
Chad,Africa,2002,1767148,1757252,1790828
Chad,Africa,2007,2047761,2000048,2106737
Chile,Americas,1952,1275524,1236110,1278203
Chile,Americas,1957,1409685,1374866,1460716
Chile,Americas,1962,1592252,1529517,1625849
Chile,Americas,1967,1771782,1763455,1822809
Chile,Americas,1972,1943505,1877037,1950113
Chile,Americas,1977,2119959,2052332,2201365
Chile,Americas,1982,2297422,2252622,2373237
Chile,Americas,1987,2492671,2461513,2514108
Chile,Americas,1992,2714599,2711070,2809339
Chile,Americas,1997,2919986,2871222,3004958
Chile,Americas,2002,3099409,3028742,3201380
Chile,Americas,2007,3256948,3153703,3324041
China,Asia,1952,111252705,110740943,112064850
China,Asia,1957,127481600,126232280,132223916
China,Asia,1962,133154000,129439003,137188566
China,Asia,1967,150910000,149597083,153792381
China,Asia,1972,172406000,166820046,178526413
China,Asia,1977,188691000,184502060,195540483
China,Asia,1982,200056200,194234565,204837543
China,Asia,1987,216807000,213554895,223376252
China,Asia,1992,232994000,232574611,238585856
China,Asia,1997,246015000,241463723,246064203
China,Asia,2002,256080000,251701032,263788008
China,Asia,2007,263736619,263525630,272228938
Colombia,Americas,1952,2470154,2431373,2486704
Colombia,Americas,1957,2897199,2799274,2909947
Colombia,Americas,1962,3401977,3293454,3480903
Colombia,Americas,1967,3952805,3857542,4094711
Colombia,Americas,1972,4508578,4466197,4602356
Colombia,Americas,1977,5018882,4847236,5146863
Colombia,Americas,1982,5552929,5358021,5700637
Colombia,Americas,1987,6192849,6108007,6385447
Colombia,Americas,1992,6840544,6651061,6996508
Colombia,Americas,1997,7531566,7280012,7773329
Colombia,Americas,2002,8201645,7928530,8301705
Colombia,Americas,2007,8845510,8633218,9045419
Comoros,Africa,1952,30787,30612,31575
Comoros,Africa,1957,34186,33420,35300
Comoros,Africa,1962,38338,37414,38495
Comoros,Africa,1967,43476,42759,44298
Comoros,Africa,1972,50005,48645,51060
Comoros,Africa,1977,60948,60521,61874
Comoros,Africa,1982,69729,68878,70147
Comoros,Africa,1987,79023,75909,81963
Comoros,Africa,1992,90886,89486,90950
Comoros,Africa,1997,105596,105343,105797
Comoros,Africa,2002,122876,119804,127754
Comoros,Africa,2007,142192,139718,144254
"Congo, Dem. Rep.",Africa,1952,2820001,2757115,2836639
"Congo, Dem. Rep.",Africa,1957,3115586,3038008,3123063
"Congo, Dem. Rep.",Africa,1962,3497287,3465811,3632282
"Congo, Dem. Rep.",Africa,1967,3988215,3882527,4110653
"Congo, Dem. Rep.",Africa,1972,4601534,4593251,4661814
"Congo, Dem. Rep.",Africa,1977,5296174,5179658,5309414
"Congo, Dem. Rep.",Africa,1982,6129299,5963808,6161171
"Congo, Dem. Rep.",Africa,1987,7096329,6856473,7235417
"Congo, Dem. Rep.",Africa,1992,8334429,8194411,8557792
"Congo, Dem. Rep.",Africa,1997,9559797,9402060,9679294
"Congo, Dem. Rep.",Africa,2002,11075970,10771381,11119166
"Congo, Dem. Rep.",Africa,2007,12921352,12817981,13314161
"Congo, Rep.",Africa,1952,170977,168464,174482
"Congo, Rep.",Africa,1957,188092,180568,194845
"Congo, Rep.",Africa,1962,209585,208830,217528
"Congo, Rep.",Africa,1967,235952,227033,240294
"Congo, Rep.",Africa,1972,268092,265089,275572
"Congo, Rep.",Africa,1977,307354,304588,317374
"Congo, Rep.",Africa,1982,354947,350972,364886
"Congo, Rep.",Africa,1987,412819,408732,426896
"Congo, Rep.",Africa,1992,481815,475503,491740
"Congo, Rep.",Africa,1997,560189,543383,570384
"Congo, Rep.",Africa,2002,665759,648050,675612
"Congo, Rep.",Africa,2007,760122,747124,786194
Costa Rica,Americas,1952,185263,183688,186690
Costa Rica,Americas,1957,222460,219390,225552
Costa Rica,Americas,1962,269037,259648,279341
Costa Rica,Americas,1967,317743,312087,321588
Costa Rica,Americas,1972,366959,354005,375362
Costa Rica,Americas,1977,421691,413131,427974
Costa Rica,Americas,1982,484873,470327,502813
Costa Rica,Americas,1987,559962,544899,581521
Costa Rica,Americas,1992,634643,624235,638578
Costa Rica,Americas,1997,703621,680753,718397
Costa Rica,Americas,2002,766987,738992,796056
Costa Rica,Americas,2007,826777,817682,841411
Cote d'Ivoire,Africa,1952,595404,595404,609098
Cote d'Ivoire,Africa,1957,660000,650034,684486
Cote d'Ivoire,Africa,1962,766482,748470,773074
Cote d'Ivoire,Africa,1967,948974,924016,980954
Cote d'Ivoire,Africa,1972,1214339,1184831,1245912
Cote d'Ivoire,Africa,1977,1491915,1476996,1509221
Cote d'Ivoire,Africa,1982,1805190,1772336,1810606
Cote d'Ivoire,Africa,1987,2152220,2110897,2206241
Cote d'Ivoire,Africa,1992,2554519,2526419,2555796
Cote d'Ivoire,Africa,1997,2925193,2898281,3011486
Cote d'Ivoire,Africa,2002,3250545,3159530,3361714
Cote d'Ivoire,Africa,2007,3602682,3576743,3723372
Croatia,Europe,1952,776446,770157,797721
Croatia,Europe,1957,798248,788509,818923
Croatia,Europe,1962,815311,809278,835286
Croatia,Europe,1967,834873,817341,859752
Croatia,Europe,1972,845062,829682,876836
Croatia,Europe,1977,863735,833591,892325
Croatia,Europe,1982,882674,869169,894414
Croatia,Europe,1987,896862,868431,902512
Croatia,Europe,1992,898803,866446,915970
Croatia,Europe,1997,888919,858696,892830
Croatia,Europe,2002,896204,869945,922104
Croatia,Europe,2007,898662,894528,903515
Cuba,Americas,1952,1201559,1191226,1211652
Cuba,Americas,1957,1328150,1315665,1371182
Cuba,Americas,1962,1450875,1395597,1507459
Cuba,Americas,1967,1627866,1624610,1690376
Cuba,Americas,1972,1766270,1715225,1792587
Cuba,Americas,1977,1907598,1847699,1939264
Cuba,Americas,1982,1957845,1935721,2022454
Cuba,Americas,1987,2047968,2046739,2090975
Cuba,Americas,1992,2144652,2135430,2217141
Cuba,Americas,1997,2196601,2151351,2232845
Cuba,Americas,2002,2245400,2156931,2314334
Cuba,Americas,2007,2283397,2243666,2306916
Czech Republic,Europe,1952,1825037,1801677,1838725
Czech Republic,Europe,1957,1902752,1854803,1973725
Czech Republic,Europe,1962,1924056,1915975,1966962
Czech Republic,Europe,1967,1967022,1893455,2007149
Czech Republic,Europe,1972,1972432,1896099,2005766
Czech Republic,Europe,1977,2032383,2016124,2063275
Czech Republic,Europe,1982,2060741,2007780,2121533
Czech Republic,Europe,1987,2062319,2005399,2103772
Czech Republic,Europe,1992,2063140,2012180,2133287
Czech Republic,Europe,1997,2060141,2035625,2120297
Czech Republic,Europe,2002,2051259,2043874,2092694
Czech Republic,Europe,2007,2045749,2042476,2052295
Denmark,Europe,1952,866800,865760,869834
Denmark,Europe,1957,897566,897566,920274
Denmark,Europe,1962,929380,900848,944064
Denmark,Europe,1967,967760,965341,980922
Denmark,Europe,1972,998319,995923,1016488
Denmark,Europe,1977,1017684,1002826,1043431
Denmark,Europe,1982,1023562,1020491,1039120
Denmark,Europe,1987,1025405,1022329,1047041
Denmark,Europe,1992,1034279,1002837,1064377
Denmark,Europe,1997,1056733,1024291,1065081
Denmark,Europe,2002,1074939,1057095,1095685
Denmark,Europe,2007,1093624,1058847,1123917
Djibouti,Africa,1952,12630,12216,13068
Djibouti,Africa,1957,14370,14124,14485
Djibouti,Africa,1962,17980,17852,18230
Djibouti,Africa,1967,25523,25301,26424
Djibouti,Africa,1972,35770,35198,35906
Djibouti,Africa,1977,45739,44623,46759
Djibouti,Africa,1982,61198,58964,62655
Djibouti,Africa,1987,62205,59966,63045
Djibouti,Africa,1992,76831,75440,77553
Djibouti,Africa,1997,83582,82094,83615
Djibouti,Africa,2002,89483,86861,90727
Djibouti,Africa,2007,99275,96892,101161
Dominican Republic,Americas,1952,498269,491941,505195
Dominican Republic,Americas,1957,584637,563590,604164
Dominican Republic,Americas,1962,690687,681225,714999
Dominican Republic,Americas,1967,809829,801488,841331
Dominican Republic,Americas,1972,934266,926325,957716
Dominican Republic,Americas,1977,1060560,1051969,1078483
Dominican Republic,Americas,1982,1193670,1185195,1236165
Dominican Republic,Americas,1987,1331059,1306701,1334254
Dominican Republic,Americas,1992,1470236,1412162,1509785
Dominican Republic,Americas,1997,1598471,1592717,1605824
Dominican Republic,Americas,2002,1730064,1707573,1763627
Dominican Republic,Americas,2007,1863924,1805210,1927484
Ecuador,Americas,1952,709751,690304,712448
Ecuador,Americas,1957,811677,806888,843414
Ecuador,Americas,1962,936341,924543,950199
Ecuador,Americas,1967,1086485,1082465,1128206
Ecuador,Americas,1972,1259730,1224961,1294750
Ecuador,Americas,1977,1455773,1413410,1458248
Ecuador,Americas,1982,1673170,1626823,1695089
Ecuador,Americas,1987,1909032,1888987,1969167
Ecuador,Americas,1992,2149679,2066701,2192028
Ecuador,Americas,1997,2382364,2345437,2457647
Ecuador,Americas,2002,2584247,2536955,2587348
Ecuador,Americas,2007,2751136,2740407,2798456
Egypt,Africa,1952,4444662,4321545,4468663
Egypt,Africa,1957,5001948,4991944,5122995
Egypt,Africa,1962,5634662,5578879,5712984
Egypt,Africa,1967,6336238,6283014,6563075
Egypt,Africa,1972,6961483,6926676,7080524
Egypt,Africa,1977,7756773,7660589,7918114
Egypt,Africa,1982,9136362,8816589,9272494
Egypt,Africa,1987,10559812,10220842,10820639
Egypt,Africa,1992,11880440,11533531,11932714
Egypt,Africa,1997,13226858,13218922,13242730
Egypt,Africa,2002,14662512,14542279,14841395
Egypt,Africa,2007,16052909,15686903,16274439
El Salvador,Americas,1952,408573,403016,424385
El Salvador,Americas,1957,471161,468617,487180
El Salvador,Americas,1962,549537,533655,561187
El Salvador,Americas,1967,646585,645421,667858
El Salvador,Americas,1972,758181,749007,761214
El Salvador,Americas,1977,856517,828081,873219
El Salvador,Americas,1982,894975,876449,927105
El Salvador,Americas,1987,968439,938127,979770
El Salvador,Americas,1992,1054930,1025286,1064530
El Salvador,Americas,1997,1156688,1129390,1157498
El Salvador,Americas,2002,1270736,1249006,1294499
El Salvador,Americas,2007,1387938,1361428,1391269
Equatorial Guinea,Africa,1952,43393,42651,44369
Equatorial Guinea,Africa,1957,46584,45638,48252
Equatorial Guinea,Africa,1962,49844,48070,50542
Equatorial Guinea,Africa,1967,51973,50429,53309
Equatorial Guinea,Africa,1972,55521,55032,57214
Equatorial Guinea,Africa,1977,38535,37441,39537
Equatorial Guinea,Africa,1982,57097,56903,57114
Equatorial Guinea,Africa,1987,68249,65703,69437
Equatorial Guinea,Africa,1992,77568,75955,79538
Equatorial Guinea,Africa,1997,87994,85240,90511
Equatorial Guinea,Africa,2002,99125,98669,99859
Equatorial Guinea,Africa,2007,110240,105841,114639
Eritrea,Africa,1952,287752,285018,296931
Eritrea,Africa,1957,308522,299050,319289
Eritrea,Africa,1962,333324,320791,346157
Eritrea,Africa,1967,364064,362571,370690
Eritrea,Africa,1972,452037,446341,461485
Eritrea,Africa,1977,502528,488105,520720
Eritrea,Africa,1982,527459,517859,531520
Eritrea,Africa,1987,583192,581734,588849
Eritrea,Africa,1992,733688,731120,753571
Eritrea,Africa,1997,811664,798759,815803
Eritrea,Africa,2002,882973,869728,900014
Eritrea,Africa,2007,981317,969836,995546
Ethiopia,Africa,1952,4172188,4016983,4291513
Ethiopia,Africa,1957,4563123,4491482,4564948
Ethiopia,Africa,1962,5029074,4858588,5073833
Ethiopia,Africa,1967,5572059,5354191,5588218
Ethiopia,Africa,1972,6154074,6076533,6189152
Ethiopia,Africa,1977,6923560,6908328,7109111
Ethiopia,Africa,1982,7622351,7578141,7857119
Ethiopia,Africa,1987,8599906,8322989,8840703
Ethiopia,Africa,1992,10417712,10279156,10548975
Ethiopia,Africa,1997,11972260,11851340,12369739
Ethiopia,Africa,2002,13589359,13385519,13942682
Ethiopia,Africa,2007,15302377,14800459,15326861
Finland,Europe,1952,818100,797238,846570
Finland,Europe,1957,864800,837559,871372
Finland,Europe,1962,898289,889486,918860
Finland,Europe,1967,921149,901805,936164
Finland,Europe,1972,927931,920879,956790
Finland,Europe,1977,947780,927687,958490
Finland,Europe,1982,965387,959788,974751
Finland,Europe,1987,986346,979146,1008046
Finland,Europe,1992,1008208,973526,1009015
Finland,Europe,1997,1026881,1011375,1028319
Finland,Europe,2002,1038608,1028949,1057511
Finland,Europe,2007,1047692,1026948,1070322
France,Europe,1952,8491933,8194715,8702533
France,Europe,1957,8862173,8642391,9091703
France,Europe,1962,9424800,9344689,9595389
France,Europe,1967,9913800,9537076,10052593
France,Europe,1972,10346400,10195343,10695074
France,Europe,1977,10633004,10493712,10946678
France,Europe,1982,10886713,10636319,10955299
France,Europe,1987,11126020,10881248,11417522
France,Europe,1992,11474836,11168458,11688268
France,Europe,1997,11724686,11368256,12124498
France,Europe,2002,11985007,11887928,12082086
France,Europe,2007,12216783,12198458,12367049
Gabon,Africa,1952,84140,83366,84939
Gabon,Africa,1957,86981,85694,88642
Gabon,Africa,1962,91132,91086,94695
Gabon,Africa,1967,97801,95473,100246
Gabon,Africa,1972,107595,106605,108886
Gabon,Africa,1977,141273,138123,141993
Gabon,Africa,1982,150775,146056,151197
Gabon,Africa,1987,176079,170744,179671
Gabon,Africa,1992,197148,195926,203279
Gabon,Africa,1997,225238,219314,225508
Gabon,Africa,2002,259861,257834,265968
Gabon,Africa,2007,290973,280556,301215
Gambia,Africa,1952,56864,56847,58746
Gambia,Africa,1957,64630,63131,65787
Gambia,Africa,1962,74804,73772,76330
Gambia,Africa,1967,87919,86284,89361
Gambia,Africa,1972,103420,102117,103730
Gambia,Africa,1977,121655,120280,124222
Gambia,Africa,1982,143105,139012,145838
Gambia,Africa,1987,169681,165066,176010
Gambia,Africa,1992,205077,202206,208317
Gambia,Africa,1997,247153,241938,253727
Gambia,Africa,2002,291553,287559,296130
Gambia,Africa,2007,337672,330783,340812
Germany,Europe,1952,13829190,13677069,14122369
Germany,Europe,1957,14203814,14098706,14492151
Germany,Europe,1962,14747823,14374703,14870230
Germany,Europe,1967,15273691,15142337,15455448
Germany,Europe,1972,15743418,15266392,15773330
Germany,Europe,1977,15632155,15252294,16218361
Germany,Europe,1982,15667053,15077972,16216967
Germany,Europe,1987,15543660,15231232,16051938
Germany,Europe,1992,16119553,15563428,16441944
Germany,Europe,1997,16402215,16108615,16569518
Germany,Europe,2002,16470134,16211553,16578837
Germany,Europe,2007,16480199,16175315,16951533
Ghana,Africa,1952,1116200,1086956,1159285
Ghana,Africa,1957,1278258,1263175,1322358
Ghana,Africa,1962,1471050,1464872,1492969
Ghana,Africa,1967,1698043,1676138,1750343
Ghana,Africa,1972,1870824,1834530,1876249
Ghana,Africa,1977,2107619,2084857,2117103
Ghana,Africa,1982,2280068,2218050,2296941
Ghana,Africa,1987,2833620,2729059,2883208
Ghana,Africa,1992,3255748,3142122,3363513
Ghana,Africa,1997,3683658,3580147,3796010
Ghana,Africa,2002,4110150,4014795,4210438
Ghana,Africa,2007,4574668,4541273,4617212
Greece,Europe,1952,1546650,1486021,1572788
Greece,Europe,1957,1619244,1604023,1636732
Greece,Europe,1962,1689647,1660078,1754360
Greece,Europe,1967,1743288,1723763,1793320
Greece,Europe,1972,1777726,1737372,1782348
Greece,Europe,1977,1861696,1825579,1921829
Greece,Europe,1982,1957296,1953969,2023061
Greece,Europe,1987,1994898,1915302,2032203
Greece,Europe,1992,2065086,1997145,2130962
Greece,Europe,1997,2100474,2035149,2125890
Greece,Europe,2002,2120773,2093203,2156614
Greece,Europe,2007,2141258,2128410,2141686
Guatemala,Americas,1952,629276,616313,634058
Guatemala,Americas,1957,728175,713757,734510
Guatemala,Americas,1962,841772,834785,862816
Guatemala,Americas,1967,938155,909260,947255
Guatemala,Americas,1972,1029916,992118,1063903
Guatemala,Americas,1977,1140686,1106694,1150154
Guatemala,Americas,1982,1279126,1253416,1320186
Guatemala,Americas,1987,1465281,1442423,1491656
Guatemala,Americas,1992,1697390,1642904,1749330
Guatemala,Americas,1997,1960775,1957050,2036853
Guatemala,Americas,2002,2235730,2146524,2242214
Guatemala,Americas,2007,2514586,2440154,2521627
Guinea,Africa,1952,532850,518037,545319
Guinea,Africa,1957,575345,552791,596863
Guinea,Africa,1962,628001,620591,637609
Guinea,Africa,1967,690284,680413,715065
Guinea,Africa,1972,762277,733920,777446
Guinea,Africa,1977,845405,843207,872458
Guinea,Africa,1982,942099,939744,978087
Guinea,Africa,1987,1130052,1096715,1143839
Guinea,Africa,1992,1398115,1350579,1430132
Guinea,Africa,1997,1609767,1596889,1629567
Guinea,Africa,2002,1761564,1730560,1797500
Guinea,Africa,2007,1989563,1984589,1993741
Guinea-Bissau,Africa,1952,116131,113762,118686
Guinea-Bissau,Africa,1957,120219,118680,122215
Guinea-Bissau,Africa,1962,125564,124848,129230
Guinea-Bissau,Africa,1967,120257,117239,121375
Guinea-Bissau,Africa,1972,125072,123121,128899
Guinea-Bissau,Africa,1977,149046,144321,153950
Guinea-Bissau,Africa,1982,165197,159167,166254
Guinea-Bissau,Africa,1987,185505,178660,188232
Guinea-Bissau,Africa,1992,210188,207161,218406
Guinea-Bissau,Africa,1997,238742,233036,241917
Guinea-Bissau,Africa,2002,266492,259936,275020
Guinea-Bissau,Africa,2007,294408,288932,304330
Haiti,Americas,1952,640298,620641,641130
Haiti,Americas,1957,701540,682107,701891
Haiti,Americas,1962,776026,759729,785571
Haiti,Americas,1967,863627,845059,877013
Haiti,Americas,1972,939660,911846,940130
Haiti,Americas,1977,981711,947057,999578
Haiti,Americas,1982,1039680,1009737,1074509
Haiti,Americas,1987,1151241,1118776,1167819
Haiti,Americas,1992,1265336,1251923,1292288
Haiti,Americas,1997,1382709,1350907,1385889
Haiti,Americas,2002,1521530,1485318,1539636
Haiti,Americas,2007,1700563,1675055,1745798
Honduras,Americas,1952,303491,302793,311655
Honduras,Americas,1957,354078,353334,357548
Honduras,Americas,1962,418032,403986,429904
Honduras,Americas,1967,500138,492236,513392
Honduras,Americas,1972,593029,587810,605720
Honduras,Americas,1977,611047,609580,628523
Honduras,Americas,1982,733890,710185,738660
Honduras,Americas,1987,874441,851793,908457
Honduras,Americas,1992,1015469,994347,1036286
Honduras,Americas,1997,1173591,1143312,1186148
Honduras,Americas,2002,1335466,1313431,1376732
Honduras,Americas,2007,1496753,1469961,1505734
"Hong Kong, China",Asia,1952,425180,422714,425903
"Hong Kong, China",Asia,1957,547260,531991,564991
"Hong Kong, China",Asia,1962,661040,641473,678095
"Hong Kong, China",Asia,1967,744560,743369,760866
"Hong Kong, China",Asia,1972,823140,814415,825527
"Hong Kong, China",Asia,1977,916740,883646,941309
"Hong Kong, China",Asia,1982,1052900,1025840,1091331
"Hong Kong, China",Asia,1987,1116902,1091660,1156664
"Hong Kong, China",Asia,1992,1165939,1123149,1202083
"Hong Kong, China",Asia,1997,1299184,1278267,1321530
"Hong Kong, China",Asia,2002,1352495,1339917,1368725
"Hong Kong, China",Asia,2007,1396082,1359086,1429588
Hungary,Europe,1952,1900800,1865255,1940717
Hungary,Europe,1957,1967800,1897943,2033131
Hungary,Europe,1962,2012600,1987241,2035745
Hungary,Europe,1967,2044684,2003586,2078217
Hungary,Europe,1972,2078818,2001278,2132867
Hungary,Europe,1977,2127434,2057654,2209553
Hungary,Europe,1982,2141107,2100426,2214547
Hungary,Europe,1987,2122548,2056537,2181767
Hungary,Europe,1992,2069737,2064563,2091676
Hungary,Europe,1997,2048937,2011032,2056518
Hungary,Europe,2002,2016663,1962818,2088255
Hungary,Europe,2007,1991222,1938255,2044587
Iceland,Europe,1952,29592,28953,30296
Iceland,Europe,1957,33022,32124,33907
Iceland,Europe,1962,36411,36065,37150
Iceland,Europe,1967,39735,39373,40267
Iceland,Europe,1972,41855,41340,43207
Iceland,Europe,1977,44365,44179,45962
Iceland,Europe,1982,46799,45737,47684
Iceland,Europe,1987,48935,47139,49258
Iceland,Europe,1992,51802,51626,52470
Iceland,Europe,1997,54238,53511,55144
Iceland,Europe,2002,57606,56189,57687
Iceland,Europe,2007,60386,59921,61219
India,Asia,1952,74400000,74147040,74972880
India,Asia,1957,81800000,80523920,84491220
India,Asia,1962,90800000,90373240,91871440
India,Asia,1967,101200000,97728840,104185400
India,Asia,1972,113400000,111767040,116609220
India,Asia,1977,126800000,125024800,128600560
India,Asia,1982,141600000,141260160,141684960
India,Asia,1987,157600000,157064160,161303600
India,Asia,1992,174400000,167982080,179980800
India,Asia,1997,191800000,188424320,194101600
India,Asia,2002,206834509,205159149,211984688
India,Asia,2007,222079266,213595838,224944089
Indonesia,Asia,1952,16410400,16288963,16943738
Indonesia,Asia,1957,18024800,17855367,18414136
Indonesia,Asia,1962,19805600,19417410,20312623
Indonesia,Asia,1967,21868600,21081330,22434997
Indonesia,Asia,1972,24256400,24096308,24649354
Indonesia,Asia,1977,27345000,26754348,27418832
Indonesia,Asia,1982,30668600,30432452,31024356
Indonesia,Asia,1987,33855200,32646569,34136198
Indonesia,Asia,1992,36963200,35928230,38105363
Indonesia,Asia,1997,39855600,38723701,40389665
Indonesia,Asia,2002,42212000,41574599,43845604
Indonesia,Asia,2007,44709400,43591665,46184810
Iran,Asia,1952,3454400,3378749,3494816
Iran,Asia,1957,3958400,3903378,4095756
Iran,Asia,1962,4574800,4439843,4608654
Iran,Asia,1967,5307600,5118649,5425429
Iran,Asia,1972,6122800,6073205,6359752
Iran,Asia,1977,7096136,6919442,7096846
Iran,Asia,1982,8614550,8433644,8657623
Iran,Asia,1987,10377939,9984615,10606254
Iran,Asia,1992,12079595,11601243,12454062
Iran,Asia,1997,12665597,12367955,12725125
Iran,Asia,2002,13381565,13190209,13400299
Iran,Asia,2007,13890714,13507330,14087962
Iraq,Asia,1952,1088353,1078558,1093577
Iraq,Asia,1957,1249729,1201614,1276723
Iraq,Asia,1962,1448052,1419815,1497575
Iraq,Asia,1967,1703856,1668586,1723280
Iraq,Asia,1972,2012301,1999825,2042888
Iraq,Asia,1977,2376583,2333329,2423164
Iraq,Asia,1982,2834664,2746506,2925657
Iraq,Asia,1987,3308638,3259670,3426756
Iraq,Asia,1992,3572381,3519867,3573810
Iraq,Asia,1997,4155141,4085750,4185058
Iraq,Asia,2002,4800363,4626110,4904051
Iraq,Asia,2007,5499928,5374530,5691875
Ireland,Europe,1952,590431,566932,591317
Ireland,Europe,1957,575644,569772,580076
Ireland,Europe,1962,566000,547662,582640
Ireland,Europe,1967,580020,577178,589126
Ireland,Europe,1972,604880,593085,607541
Ireland,Europe,1977,654380,641162,654642
Ireland,Europe,1982,696000,695861,722170
Ireland,Europe,1987,707980,683271,731768
Ireland,Europe,1992,711552,683446,723008
Ireland,Europe,1997,733447,731687,746209
Ireland,Europe,2002,775831,765435,805390
Ireland,Europe,2007,821817,814832,842280
Israel,Asia,1952,324183,314393,336923
Israel,Asia,1957,388880,380169,399652
Israel,Asia,1962,462181,460563,476231
Israel,Asia,1967,538717,519269,548576
Israel,Asia,1972,619179,599241,623266
Israel,Asia,1977,699184,689465,716803
Israel,Asia,1982,771684,755942,791362
Israel,Asia,1987,840630,835250,850718
Israel,Asia,1992,987310,961048,1000836
Israel,Asia,1997,1106277,1067447,1136478
Israel,Asia,2002,1205906,1179014,1243771
Israel,Asia,2007,1285336,1237393,1309115
Italy,Europe,1952,9533200,9346349,9708611
Italy,Europe,1957,9836400,9485241,10002635
Italy,Europe,1962,10168640,10079156,10530644
Italy,Europe,1967,10533420,10258498,10787275
Italy,Europe,1972,10873113,10581714,11100361
Italy,Europe,1977,11211849,11196152,11300423
Italy,Europe,1982,11307127,10957737,11709661
Italy,Europe,1987,11345941,11058889,11407209
Italy,Europe,1992,11368169,11116932,11672836
Italy,Europe,1997,11495894,11236087,11779843
Italy,Europe,2002,11585400,11561071,11664181
Italy,Europe,2007,11629547,11479526,11798175
Jamaica,Americas,1952,285219,280313,295173
Jamaica,Americas,1957,307018,301277,308400
Jamaica,Americas,1962,333026,329463,341585
Jamaica,Americas,1967,372219,359042,384242
Jamaica,Americas,1972,399523,389655,400921
Jamaica,Americas,1977,431363,429249,445469
Jamaica,Americas,1982,459662,454790,472900
Jamaica,Americas,1987,465321,462483,477419
Jamaica,Americas,1992,475724,466400,488949
Jamaica,Americas,1997,506262,502769,524690
Jamaica,Americas,2002,532932,527709,545243
Jamaica,Americas,2007,556026,540513,557916
Japan,Asia,1952,17291805,16835301,17727558
Japan,Asia,1957,18312602,17913387,18675192
Japan,Asia,1962,19166351,18604777,19919589
Japan,Asia,1967,20165056,19739573,20507862
Japan,Asia,1972,21437655,21238285,22288730
Japan,Asia,1977,22774495,22013827,23223153
Japan,Asia,1982,23690995,23108197,24235888
Japan,Asia,1987,24418265,24017805,25280230
Japan,Asia,1992,24865854,24390916,25015049
Japan,Asia,1997,25191300,24586709,25659858
Japan,Asia,2002,25413168,25082797,26411906
Japan,Asia,2007,25493594,25088246,25740882
Jordan,Asia,1952,121583,117413,124781
Jordan,Asia,1957,149312,144370,152298
Jordan,Asia,1962,186712,183631,191342
Jordan,Asia,1967,251012,242076,251815
Jordan,Asia,1972,322710,312028,327034
Jordan,Asia,1977,387530,380438,396831
Jordan,Asia,1982,469406,465885,482315
Jordan,Asia,1987,564008,545847,578841
Jordan,Asia,1992,773482,752907,774410
Jordan,Asia,1997,905247,895923,920184
Jordan,Asia,2002,1061494,1051091,1081981
Jordan,Asia,2007,1210639,1185458,1228314
Kenya,Africa,1952,1292809,1282854,1305608
Kenya,Africa,1957,1490956,1449507,1512724
Kenya,Africa,1962,1735711,1709328,1802709
Kenya,Africa,1967,2038302,1973076,2111477
Kenya,Africa,1972,2408957,2322475,2463399
Kenya,Africa,1977,2900081,2832799,2988533
Kenya,Africa,1982,3532290,3494848,3584921
Kenya,Africa,1987,4239616,4129810,4393514
Kenya,Africa,1992,5004108,4902525,5188259
Kenya,Africa,1997,5652765,5436829,5739818
Kenya,Africa,2002,6277368,6222127,6316915
Kenya,Africa,2007,7122035,6888432,7300086
"Korea, Dem. Rep.",Asia,1952,1773098,1757849,1814234
"Korea, Dem. Rep.",Asia,1957,1882276,1814326,1945709
"Korea, Dem. Rep.",Asia,1962,2183499,2104456,2187866
"Korea, Dem. Rep.",Asia,1967,2523402,2473439,2567309
"Korea, Dem. Rep.",Asia,1972,2956248,2925799,3034293
"Korea, Dem. Rep.",Asia,1977,3265064,3158949,3301306
"Korea, Dem. Rep.",Asia,1982,3529504,3411619,3552446
"Korea, Dem. Rep.",Asia,1987,3813511,3712834,3911900
"Korea, Dem. Rep.",Asia,1992,4142275,4127363,4281041
"Korea, Dem. Rep.",Asia,1997,4317021,4204347,4406383
"Korea, Dem. Rep.",Asia,2002,4443073,4287565,4558593
"Korea, Dem. Rep.",Asia,2007,4660345,4553623,4814602
"Korea, Rep.",Asia,1952,4189514,4139659,4223030
"Korea, Rep.",Asia,1957,4522310,4431412,4685565
"Korea, Rep.",Asia,1962,5284061,5136636,5432543
"Korea, Rep.",Asia,1967,6026200,5843606,6105746
"Korea, Rep.",Asia,1972,6701000,6524094,6906721
"Korea, Rep.",Asia,1977,7287200,7045265,7523305
"Korea, Rep.",Asia,1982,7865200,7862840,8058684
"Korea, Rep.",Asia,1987,8324400,7997251,8439277
"Korea, Rep.",Asia,1992,8761090,8617408,8979241
"Korea, Rep.",Asia,1997,9234763,8919858,9392677
"Korea, Rep.",Asia,2002,9593830,9257087,9664824
"Korea, Rep.",Asia,2007,9808958,9489186,9811901
Kuwait,Asia,1952,32000,31616,32720
Kuwait,Asia,1957,42569,40917,42914
Kuwait,Asia,1962,71653,69052,71803
Kuwait,Asia,1967,115001,111252,116439
Kuwait,Asia,1972,168387,166198,168589
Kuwait,Asia,1977,228071,226976,234776
Kuwait,Asia,1982,299499,296504,307585
Kuwait,Asia,1987,378297,373228,381853
Kuwait,Asia,1992,283619,280613,294567
Kuwait,Asia,1997,353069,351692,358365
Kuwait,Asia,2002,422312,420116,434475
Kuwait,Asia,2007,501112,482320,502415
Lebanon,Asia,1952,287906,282493,296054
Lebanon,Asia,1957,329482,322892,331986
Lebanon,Asia,1962,377370,376238,384955
Lebanon,Asia,1967,437379,426313,439085
Lebanon,Asia,1972,536004,530537,539434
Lebanon,Asia,1977,623157,600287,639484
Lebanon,Asia,1982,617375,607374,624043
Lebanon,Asia,1987,617871,612001,641288
Lebanon,Asia,1992,643999,636915,665058
Lebanon,Asia,1997,686078,663437,701926
Lebanon,Asia,2002,735556,723272,759829
Lebanon,Asia,2007,784256,764728,812881
Lesotho,Africa,1952,149749,148716,155514
Lesotho,Africa,1957,162668,156861,163774
Lesotho,Africa,1962,178629,173931,180112
Lesotho,Africa,1967,199276,195928,204796
Lesotho,Africa,1972,223356,214913,226930
Lesotho,Africa,1977,250305,240818,258740
Lesotho,Africa,1982,282361,276968,292046
Lesotho,Africa,1987,319840,311108,331418
Lesotho,Africa,1992,360639,358295,372071
Lesotho,Africa,1997,396565,393987,410088
Lesotho,Africa,2002,409354,394413,418769
Lesotho,Africa,2007,402530,400034,417263
Liberia,Africa,1952,172662,170193,173663
Liberia,Africa,1957,195190,188729,200265
Liberia,Africa,1962,222559,216906,226276
Liberia,Africa,1967,255881,254474,265988
Liberia,Africa,1972,296526,294717,304295
Liberia,Africa,1977,340723,340587,353705
Liberia,Africa,1982,391375,386796,398498
Liberia,Africa,1987,453883,444442,466092
Liberia,Africa,1992,382595,379840,396292
Liberia,Africa,1997,440145,431122,446395
Liberia,Africa,2002,562930,549307,565914
Liberia,Africa,2007,638788,632783,644026
Libya,Africa,1952,203946,196502,205068
Libya,Africa,1957,240316,231400,240917
Libya,Africa,1962,288373,286556,296880
Libya,Africa,1967,351845,339003,356525
Libya,Africa,1972,436775,421401,450228
Libya,Africa,1977,544357,532817,562756
Libya,Africa,1982,668815,653432,679048
Libya,Africa,1987,759969,748873,784592
Libya,Africa,1992,872900,872027,883899
Libya,Africa,1997,951934,916522,961073
Libya,Africa,2002,1073717,1059973,1096909
Libya,Africa,2007,1207383,1171282,1224045
Madagascar,Africa,1952,952582,924481,970586
Madagascar,Africa,1957,1036336,999235,1041310
Madagascar,Africa,1962,1140665,1128802,1154809
Madagascar,Africa,1967,1266911,1251961,1296430
Madagascar,Africa,1972,1416486,1381640,1433201
Madagascar,Africa,1977,1601433,1561237,1639547
Madagascar,Africa,1982,1834295,1798893,1903081
Madagascar,Africa,1987,2113728,2091322,2172490
Madagascar,Africa,1992,2442079,2427915,2477733
Madagascar,Africa,1997,2833023,2782595,2930479
Madagascar,Africa,2002,3294695,3169826,3370802
Madagascar,Africa,2007,3833531,3775645,3856532
Malawi,Africa,1952,583560,574573,603926
Malawi,Africa,1957,644248,636839,667441
Malawi,Africa,1962,725722,700685,746913
Malawi,Africa,1967,829450,799673,849025
Malawi,Africa,1972,946199,925950,962001
Malawi,Africa,1977,1127449,1115611,1136694
Malawi,Africa,1982,1300565,1286129,1340102
Malawi,Africa,1987,1564949,1521600,1602038
Malawi,Africa,1992,2002850,1968601,2023680
Malawi,Africa,1997,2083998,2079830,2123802
Malawi,Africa,2002,2364899,2346689,2419292
Malawi,Africa,2007,2665416,2649957,2710728
Malaysia,Asia,1952,1349676,1304192,1366547
Malaysia,Asia,1957,1547847,1498935,1587627
Malaysia,Asia,1962,1781277,1757230,1823137
Malaysia,Asia,1967,2030976,1982436,2045802
Malaysia,Asia,1972,2288292,2261290,2310946
Malaysia,Asia,1977,2569076,2546468,2655654
Malaysia,Asia,1982,2888383,2855167,2998142
Malaysia,Asia,1987,3266357,3193191,3267010
Malaysia,Asia,1992,3663900,3604545,3753666
Malaysia,Asia,1997,4095218,4061637,4195551
Malaysia,Asia,2002,4532473,4464939,4687030
Malaysia,Asia,2007,4964257,4802919,5098788
Mali,Africa,1952,767634,751053,797956
Mali,Africa,1957,848377,833785,857794
Mali,Africa,1962,938074,922127,945860
Mali,Africa,1967,1042483,1026637,1076781
Mali,Africa,1972,1165632,1143485,1208994
Mali,Africa,1977,1298330,1276129,1339487
Mali,Africa,1982,1399651,1381735,1416867
Mali,Africa,1987,1526802,1526649,1580393
Mali,Africa,1992,1683243,1663044,1693174
Mali,Africa,1997,1876997,1847716,1922420
Mali,Africa,2002,2116035,2054882,2118786
Mali,Africa,2007,2406359,2324543,2469406
Mauritania,Africa,1952,204511,197251,206188
Mauritania,Africa,1957,215370,212290,220000
Mauritania,Africa,1962,229351,226599,230200
Mauritania,Africa,1967,246108,243967,247954
Mauritania,Africa,1972,266557,259387,273061
Mauritania,Africa,1977,291338,281724,301040
Mauritania,Africa,1982,324427,322513,327963
Mauritania,Africa,1987,368248,368211,369316
Mauritania,Africa,1992,423893,422197,434448
Mauritania,Africa,1997,488948,479805,489584
Mauritania,Africa,2002,565772,543254,580482
Mauritania,Africa,2007,654013,647015,669775
Mauritius,Africa,1952,103311,101792,104241
Mauritius,Africa,1957,121963,121573,125293
Mauritius,Africa,1962,140203,134903,143638
Mauritius,Africa,1967,157862,156994,161256
Mauritius,Africa,1972,170267,168054,170505
Mauritius,Africa,1977,182605,175849,189891
Mauritius,Africa,1982,198408,191900,198785
Mauritius,Africa,1987,208533,208158,214226
Mauritius,Africa,1992,219240,217683,220950
Mauritius,Africa,1997,229964,222536,230976
Mauritius,Africa,2002,240041,239153,241649
Mauritius,Africa,2007,250176,248225,254954
Mexico,Americas,1952,6028863,5805192,6107841
Mexico,Americas,1957,7003110,6786714,7277632
Mexico,Americas,1962,8224297,8104222,8480073
Mexico,Americas,1967,9599112,9377373,9946600
Mexico,Americas,1972,11196859,11157670,11276357
Mexico,Americas,1977,12751995,12692061,12855286
Mexico,Americas,1982,14328181,14219287,14762325
Mexico,Americas,1987,16024498,15968412,16450750
Mexico,Americas,1992,17622206,17243329,18083908
Mexico,Americas,1997,19179029,18469405,19301775
Mexico,Americas,2002,20495985,20061470,20850566
Mexico,Americas,2007,21740178,21461904,22427168
Mongolia,Asia,1952,160133,156514,165930
Mongolia,Asia,1957,176427,172334,176762
Mongolia,Asia,1962,202056,197934,206117
Mongolia,Asia,1967,229900,222796,230774
Mongolia,Asia,1972,264100,263625,266794
Mongolia,Asia,1977,305600,299244,314890
Mongolia,Asia,1982,351206,345411,353805
Mongolia,Asia,1987,403027,397264,405365
Mongolia,Asia,1992,462560,449100,477732
Mongolia,Asia,1997,498961,492225,509938
Mongolia,Asia,2002,534847,519550,536933
Mongolia,Asia,2007,574825,558270,583390
Montenegro,Europe,1952,82767,81691,83537
Montenegro,Europe,1957,88566,88398,90444
Montenegro,Europe,1962,94906,93729,96064
Montenegro,Europe,1967,100207,98544,102983
Montenegro,Europe,1972,105536,101673,105800
Montenegro,Europe,1977,112015,109371,115824
Montenegro,Europe,1982,112510,108358,113995
Montenegro,Europe,1987,113895,109726,117722
Montenegro,Europe,1992,124324,122633,125132
Montenegro,Europe,1997,138530,135565,140095
Montenegro,Europe,2002,144046,141107,144665
Montenegro,Europe,2007,136947,133907,139686
Morocco,Africa,1952,1987843,1911709,2006728
Morocco,Africa,1957,2281270,2241576,2317086
Morocco,Africa,1962,2611321,2595914,2630645
Morocco,Africa,1967,2954059,2904726,3001619
Morocco,Africa,1972,3332134,3212510,3425434
Morocco,Africa,1977,3679388,3582252,3706983
Morocco,Africa,1982,4039746,4012276,4051865
Morocco,Africa,1987,4597479,4574951,4642534
Morocco,Africa,1992,5159648,5088961,5179255
Morocco,Africa,1997,5705900,5618600,5854824
Morocco,Africa,2002,6233557,6075225,6393759
Morocco,Africa,2007,6751435,6705525,6968156
Mozambique,Africa,1952,1289263,1262317,1316595
Mozambique,Africa,1957,1407607,1382552,1462644
Mozambique,Africa,1962,1557789,1518065,1598292
Mozambique,Africa,1967,1736182,1734099,1741738
Mozambique,Africa,1972,1961919,1910909,2021169
Mozambique,Africa,1977,2225574,2224906,2267637
Mozambique,Africa,1982,2517445,2487991,2541109
Mozambique,Africa,1987,2578390,2559052,2657031
Mozambique,Africa,1992,2632146,2603982,2643464
Mozambique,Africa,1997,3320667,3200791,3426928
Mozambique,Africa,2002,3694756,3586130,3783430
Mozambique,Africa,2007,3990331,3907332,3992326
Myanmar,Asia,1952,4018599,4000515,4062804
Myanmar,Asia,1957,4346369,4181207,4511966
Myanmar,Asia,1962,4726887,4637076,4882402
Myanmar,Asia,1967,5174054,5106791,5311684
Myanmar,Asia,1972,5693278,5623251,5891404
Myanmar,Asia,1977,6305617,6151129,6416596
Myanmar,Asia,1982,6936088,6698180,7180238
Myanmar,Asia,1987,7605716,7534983,7720562
Myanmar,Asia,1992,8109308,8028215,8335558
Myanmar,Asia,1997,8649573,8370192,8769802
Myanmar,Asia,2002,9119616,9062162,9216284
Myanmar,Asia,2007,9552396,9221883,9833236
Namibia,Africa,1952,97166,96787,99401
Namibia,Africa,1957,109616,107259,113968
Namibia,Africa,1962,124278,120003,129100
Namibia,Africa,1967,141328,136268,145752
Namibia,Africa,1972,164356,163353,166016
Namibia,Africa,1977,195405,190266,197183
Namibia,Africa,1982,219802,219670,224110
Namibia,Africa,1987,255637,255356,261312
Namibia,Africa,1992,310851,307805,320643
Namibia,Africa,1997,354953,345937,365566
Namibia,Africa,2002,394431,389185,408709
Namibia,Africa,2007,411016,398603,418620
Nepal,Asia,1952,1836507,1817591,1896010
Nepal,Asia,1957,1936468,1885733,1959512
Nepal,Asia,1962,2066411,2023636,2139355
Nepal,Asia,1967,2252338,2192651,2260221
Nepal,Asia,1972,2482519,2479043,2546816
Nepal,Asia,1977,2786640,2764904,2815064
Nepal,Asia,1982,3159263,3074279,3268889
Nepal,Asia,1987,3583436,3465899,3708140
Nepal,Asia,1992,4065242,3981091,4227445
Nepal,Asia,1997,4600223,4448416,4764911
Nepal,Asia,2002,5174783,5086294,5308292
Nepal,Asia,2007,5780358,5713884,5904636
Netherlands,Europe,1952,2076398,2008500,2134952
Netherlands,Europe,1957,2205277,2152130,2230417
Netherlands,Europe,1962,2361138,2292429,2436694
Netherlands,Europe,1967,2519364,2431186,2602503
Netherlands,Europe,1972,2665975,2629984,2674773
Netherlands,Europe,1977,2770598,2664207,2866184
Netherlands,Europe,1982,2862080,2805125,2974846
Netherlands,Europe,1987,2933056,2852690,2978518
Netherlands,Europe,1992,3034849,2982346,3155939
Netherlands,Europe,1997,3120893,3111842,3126511
Netherlands,Europe,2002,3224566,3177165,3266163
Netherlands,Europe,2007,3314123,3267394,3421832
New Zealand,Oceania,1952,398959,392017,404425
New Zealand,Oceania,1957,445881,438033,458232
New Zealand,Oceania,1962,497710,494624,501493
New Zealand,Oceania,1967,545630,530843,548904
New Zealand,Oceania,1972,585820,581895,588632
New Zealand,Oceania,1977,632980,625384,645766
New Zealand,Oceania,1982,642130,618821,665118
New Zealand,Oceania,1987,663433,659452,666617
New Zealand,Oceania,1992,687535,685266,701904
New Zealand,Oceania,1997,735237,722885,745677
New Zealand,Oceania,2002,781607,763239,805212
New Zealand,Oceania,2007,823154,794838,834267
Nicaragua,Americas,1952,233158,232435,238707
Nicaragua,Americas,1957,271766,268831,282555
Nicaragua,Americas,1962,318119,306412,322127
Nicaragua,Americas,1967,373098,368957,386268
Nicaragua,Americas,1972,436582,428985,441515
Nicaragua,Americas,1977,510920,501417,511584
Nicaragua,Americas,1982,595885,587125,606253
Nicaragua,Americas,1987,668871,656764,689874
Nicaragua,Americas,1992,803588,792257,810981
Nicaragua,Americas,1997,921914,919886,933438
Nicaragua,Americas,2002,1029370,989739,1067663
Nicaragua,Americas,2007,1135071,1132006,1160837
Niger,Africa,1952,675894,660619,702457
Niger,Africa,1957,738437,719976,766055
Niger,Africa,1962,815202,798572,820908
Niger,Africa,1967,906812,876978,917240
Niger,Africa,1972,1012052,1011040,1045551
Niger,Africa,1977,1136417,1116075,1158918
Niger,Africa,1982,1287438,1240961,1305205
Niger,Africa,1987,1466528,1408600,1498792
Niger,Africa,1992,1678564,1621325,1695350
Niger,Africa,1997,1933250,1915271,2002460
Niger,Africa,2002,2228131,2169977,2229245
Niger,Africa,2007,2578973,2525846,2662532
Nigeria,Africa,1952,6623819,6557581,6813923
Nigeria,Africa,1957,7434668,7219063,7619791
Nigeria,Africa,1962,8374270,8259543,8411117
Nigeria,Africa,1967,9457550,9435798,9651430
Nigeria,Africa,1972,10748017,10640537,10780261
Nigeria,Africa,1977,12441835,11986464,12548835
Nigeria,Africa,1982,14607875,14543600,14819689
Nigeria,Africa,1987,16310304,15742705,16801244
Nigeria,Africa,1992,18672849,18032370,18689655
Nigeria,Africa,1997,21241568,20659549,22080610
Nigeria,Africa,2002,23980255,23591775,24076176
Nigeria,Africa,2007,27006233,26549828,27511250
Norway,Europe,1952,665546,662817,689705
Norway,Europe,1957,698388,681138,716127
Norway,Europe,1962,727784,707915,727930
Norway,Europe,1967,757204,732595,760914
Norway,Europe,1972,786601,762059,803198
Norway,Europe,1977,808641,778317,830474
Norway,Europe,1982,822957,792096,846411
Norway,Europe,1987,837229,815126,857490
Norway,Europe,1992,857271,840897,865929
Norway,Europe,1997,881134,861573,911797
Norway,Europe,2002,907118,888976,930975
Norway,Europe,2007,925585,923826,927158
Oman,Asia,1952,101567,98977,104187
Oman,Asia,1957,112395,111316,112507
Oman,Asia,1962,125633,124477,128472
Oman,Asia,1967,142955,140396,143999
Oman,Asia,1972,165810,159658,170718
Oman,Asia,1977,200907,199943,203318
Oman,Asia,1982,260210,256515,263150
Oman,Asia,1987,318776,312177,320434
Oman,Asia,1992,383042,380897,390933
Oman,Asia,1997,456727,441107,456910
Oman,Asia,2002,542692,535149,547088
Oman,Asia,2007,640979,621173,665721
Pakistan,Asia,1952,8269312,8095656,8587681
Pakistan,Asia,1957,9335989,9293043,9478830
Pakistan,Asia,1962,10620134,10270732,10927056
Pakistan,Asia,1967,12128380,11827596,12202363
Pakistan,Asia,1972,13865184,13492211,13963627
Pakistan,Asia,1977,15630537,15516434,16147908
Pakistan,Asia,1982,18292418,17793035,18971067
Pakistan,Asia,1987,21037376,20608214,21123629
Pakistan,Asia,1992,24013001,23544747,24779016
Pakistan,Asia,1997,27112967,26063695,27945335
Pakistan,Asia,2002,30680705,30337081,31858844
Pakistan,Asia,2007,33854123,33698394,34995007
Panama,Americas,1952,188016,184951,191870
Panama,Americas,1957,212701,205937,219188
Panama,Americas,1962,243145,240811,245212
Panama,Americas,1967,281097,275700,288546
Panama,Americas,1972,323277,316908,335012
Panama,Americas,1977,367956,362437,379731
Panama,Americas,1982,407261,396346,415651
Panama,Americas,1987,450728,435448,451675
Panama,Americas,1992,496999,486115,514593
Panama,Americas,1997,546906,532851,553524
Panama,Americas,2002,598175,578734,601944
Panama,Americas,2007,648435,637476,669639
Paraguay,Americas,1952,311175,304205,319017
Paraguay,Americas,1957,354180,349221,359351
Paraguay,Americas,1962,401963,391110,405500
Paraguay,Americas,1967,457597,454119,462585
Paraguay,Americas,1972,522821,504522,536101
Paraguay,Americas,1977,596899,576306,608479
Paraguay,Americas,1982,673288,653897,698132
Paraguay,Americas,1987,777302,756393,804352
Paraguay,Americas,1992,896789,867016,929611
Paraguay,Americas,1997,1030825,1007219,1065976
Paraguay,Americas,2002,1176898,1171014,1189138
Paraguay,Americas,2007,1333429,1284625,1340630
Peru,Americas,1952,1605140,1585718,1633230
Peru,Americas,1957,1829220,1784221,1891048
Peru,Americas,1962,2103300,2054083,2177336
Peru,Americas,1967,2426440,2412852,2432506
Peru,Americas,1972,2790940,2744052,2896438
Peru,Americas,1977,3198020,3111993,3241193
Peru,Americas,1982,3625026,3556151,3726527
Peru,Americas,1987,4039185,3935378,4086847
Peru,Americas,1992,4486090,4358685,4575363
Peru,Americas,1997,4949624,4864985,5033273
Peru,Americas,2002,5353887,5329795,5493623
Peru,Americas,2007,5734951,5555447,5843915
Philippines,Asia,1952,4487738,4402471,4554157
Philippines,Asia,1957,5214439,5128922,5377651
Philippines,Asia,1962,6065053,6010468,6065660
Philippines,Asia,1967,7071320,6917872,7147690
Philippines,Asia,1972,8170028,7902051,8460064
Philippines,Asia,1977,9370192,9135937,9722511
Philippines,Asia,1982,10691355,10276530,10870970
Philippines,Asia,1987,12003558,11979551,12059975
Philippines,Asia,1992,13437153,13214096,13809362
Philippines,Asia,1997,15002598,14512013,15419670
Philippines,Asia,2002,16599018,16054570,16779947
Philippines,Asia,2007,18215457,18044232,18827496
Poland,Europe,1952,5146110,4981434,5253664
Poland,Europe,1957,5647069,5579304,5858269
Poland,Europe,1962,6065923,6009510,6121123
Poland,Europe,1967,6357076,6308127,6556052
Poland,Europe,1972,6607909,6592050,6730155
Poland,Europe,1977,6924251,6689519,7058581
Poland,Europe,1982,7245476,7054195,7302715
Poland,Europe,1987,7548142,7437939,7615320
Poland,Europe,1992,7674139,7446984,7950408
Poland,Europe,1997,7730991,7431802,7802116
Poland,Europe,2002,7725195,7560648,7859613
Poland,Europe,2007,7703648,7422465,7799173
Portugal,Europe,1952,1705210,1648427,1772054
Portugal,Europe,1957,1763530,1707979,1795803
Portugal,Europe,1962,1803960,1789348,1831561
Portugal,Europe,1967,1820600,1765072,1859197
Portugal,Europe,1972,1794090,1778661,1859754
Portugal,Europe,1977,1932520,1859857,1936385
Portugal,Europe,1982,1971930,1937618,2024975
Portugal,Europe,1987,1983058,1918014,2035014
Portugal,Europe,1992,1985536,1928750,2039940
Portugal,Europe,1997,2031283,1954094,2066830
Portugal,Europe,2002,2086773,2037525,2137064
Portugal,Europe,2007,2128567,2057686,2206473
Puerto Rico,Americas,1952,445400,436848,453907
Puerto Rico,Americas,1957,452000,448926,467323
Puerto Rico,Americas,1962,489609,470661,507871
Puerto Rico,Americas,1967,529792,513157,541024
Puerto Rico,Americas,1972,569426,562707,586281
Puerto Rico,Americas,1977,616166,595524,624792
Puerto Rico,Americas,1982,655800,638487,674294
Puerto Rico,Americas,1987,688894,687378,695370
Puerto Rico,Americas,1992,717035,708574,737901
Puerto Rico,Americas,1997,751886,729029,770006
Puerto Rico,Americas,2002,771921,768679,783809
Puerto Rico,Americas,2007,788498,785896,806397
Reunion,Africa,1952,51540,51195,52586
Reunion,Africa,1957,61740,61617,64142
Reunion,Africa,1962,71780,70911,71902
Reunion,Africa,1967,82805,80453,84262
Reunion,Africa,1972,92327,90000,93416
Reunion,Africa,1977,98419,94541,101992
Reunion,Africa,1982,103562,100082,105923
Reunion,Africa,1987,112407,110923,113317
Reunion,Africa,1992,124438,120593,127076
Reunion,Africa,1997,136962,132648,139167
Reunion,Africa,2002,148796,144213,154063
Reunion,Africa,2007,159619,158103,164424
Romania,Europe,1952,3326000,3193293,3409150
Romania,Europe,1957,3565865,3451757,3662143
Romania,Europe,1962,3736144,3663663,3826185
Romania,Europe,1967,3856963,3851178,3935259
Romania,Europe,1972,4132530,4055665,4296178
Romania,Europe,1977,4331719,4162782,4437413
Romania,Europe,1982,4471345,4360456,4487442
Romania,Europe,1987,4537274,4486457,4694717
Romania,Europe,1992,4559405,4522930,4563053
Romania,Europe,1997,4512492,4461050,4544079
Romania,Europe,2002,4480867,4372430,4505960
Romania,Europe,2007,4455211,4438727,4455211
Rwanda,Africa,1952,506985,506225,519508
Rwanda,Africa,1957,564416,562836,565658
Rwanda,Africa,1962,610248,606159,633804
Rwanda,Africa,1967,690216,671442,703606
Rwanda,Africa,1972,798424,787805,817267
Rwanda,Africa,1977,931414,925546,947900
Rwanda,Africa,1982,1101513,1099090,1129161
Rwanda,Africa,1987,1269873,1230507,1312668
Rwanda,Africa,1992,1458041,1437045,1480203
Rwanda,Africa,1997,1442517,1389721,1461702
Rwanda,Africa,2002,1570480,1532788,1595451
Rwanda,Africa,2007,1772118,1702828,1804371
Sao Tome and Principe,Africa,1952,12002,11848,12349
Sao Tome and Principe,Africa,1957,12265,11966,12676
Sao Tome and Principe,Africa,1962,13069,12626,13519
Sao Tome and Principe,Africa,1967,14157,13836,14569
Sao Tome and Principe,Africa,1972,15319,15313,15550
Sao Tome and Principe,Africa,1977,17359,16908,17994
Sao Tome and Principe,Africa,1982,19719,19632,19902
Sao Tome and Principe,Africa,1987,22162,21982,22173
Sao Tome and Principe,Africa,1992,25182,24525,25776
Sao Tome and Principe,Africa,1997,29122,28650,29798
Sao Tome and Principe,Africa,2002,34074,33280,34711
Sao Tome and Principe,Africa,2007,39916,38587,40483
Saudi Arabia,Asia,1952,801135,791441,832459
Saudi Arabia,Asia,1957,883930,861301,919199
Saudi Arabia,Asia,1962,988606,955488,1012333
Saudi Arabia,Asia,1967,1123640,1083301,1151057
Saudi Arabia,Asia,1972,1294551,1280958,1304648
Saudi Arabia,Asia,1977,1625701,1594813,1645047
Saudi Arabia,Asia,1982,2250934,2221897,2340971
Saudi Arabia,Asia,1987,2923949,2883599,3006989
Saudi Arabia,Asia,1992,3389171,3341384,3520671
Saudi Arabia,Asia,1997,4245952,4217504,4287987
Saudi Arabia,Asia,2002,4900306,4723895,4948819
Saudi Arabia,Asia,2007,5520208,5389931,5589763
Senegal,Africa,1952,551118,536679,556243
Senegal,Africa,1957,610909,604128,628198
Senegal,Africa,1962,686049,661626,703132
Senegal,Africa,1967,793168,786029,809983
Senegal,Africa,1972,917739,900027,939306
Senegal,Africa,1977,1052171,1034810,1077213
Senegal,Africa,1982,1229557,1214433,1232016
Senegal,Africa,1987,1434269,1403719,1435130
Senegal,Africa,1992,1661584,1601767,1710601
Senegal,Africa,1997,1907063,1847181,1965801
Senegal,Africa,2002,2174007,2136614,2257271
Senegal,Africa,2007,2453499,2390444,2474844
Serbia,Europe,1952,1372029,1322499,1417032
Serbia,Europe,1957,1454227,1441284,1467606
Serbia,Europe,1962,1523212,1490311,1524735
Serbia,Europe,1967,1594244,1543547,1634578
Serbia,Europe,1972,1662658,1605961,1687432
Serbia,Europe,1977,1737273,1692799,1753082
Serbia,Europe,1982,1806565,1751645,1835651
Serbia,Europe,1987,1846157,1834711,1912434
Serbia,Europe,1992,1965279,1926170,1973140
Serbia,Europe,1997,2067319,2038377,2129132
Serbia,Europe,2002,2022312,1965889,2067207
Serbia,Europe,2007,2030053,1986204,2108616
Sierra Leone,Africa,1952,428650,416562,437909
Sierra Leone,Africa,1957,459136,451790,467079
Sierra Leone,Africa,1962,493579,481240,503401
Sierra Leone,Africa,1967,532438,520724,536005
Sierra Leone,Africa,1972,575803,562444,587722
Sierra Leone,Africa,1977,628179,608768,647715
Sierra Leone,Africa,1982,692904,691726,699556
Sierra Leone,Africa,1987,773781,760627,776489
Sierra Leone,Africa,1992,852177,841440,854478
Sierra Leone,Africa,1997,915642,885060,941463
Sierra Leone,Africa,2002,1071818,1063565,1080178
Sierra Leone,Africa,2007,1228912,1196960,1245994
Singapore,Asia,1952,225400,221050,227181
Singapore,Asia,1957,289186,281725,299510
Singapore,Asia,1962,350040,341114,355781
Singapore,Asia,1967,395520,388203,396113
Singapore,Asia,1972,430480,427079,430738
Singapore,Asia,1977,465060,458456,480314
Singapore,Asia,1982,530374,519979,533185
Singapore,Asia,1987,558910,555612,573442
Singapore,Asia,1992,647173,624069,670536
Singapore,Asia,1997,760462,746774,760766
Singapore,Asia,2002,839555,825534,862559
Singapore,Asia,2007,910602,882100,911786
Slovak Republic,Europe,1952,711627,696967,719099
Slovak Republic,Europe,1957,768855,767779,793612
Slovak Republic,Europe,1962,847477,838240,865867
Slovak Republic,Europe,1967,888448,868280,895111
Slovak Republic,Europe,1972,918687,916850,939174
Slovak Republic,Europe,1977,965561,949822,1002059
Slovak Republic,Europe,1982,1009609,983864,1028287
Slovak Republic,Europe,1987,1039864,1020003,1071580
Slovak Republic,Europe,1992,1060578,1031094,1073835
Slovak Republic,Europe,1997,1076602,1048826,1076710
Slovak Republic,Europe,2002,1082010,1056475,1083741
Slovak Republic,Europe,2007,1089500,1083290,1108566
Slovenia,Europe,1952,297904,295521,302522
Slovenia,Europe,1957,306614,294625,310907
Slovenia,Europe,1962,316592,314376,320771
Slovenia,Europe,1967,329382,327966,335640
Slovenia,Europe,1972,338902,334225,349171
Slovenia,Europe,1977,349384,336422,358573
Slovenia,Europe,1982,372250,369272,380067
Slovenia,Europe,1987,389174,386022,399215
Slovenia,Europe,1992,399842,396963,415796
Slovenia,Europe,1997,402322,390816,402604
Slovenia,Europe,2002,402299,401655,415012
Slovenia,Europe,2007,401849,396384,412819
Somalia,Africa,1952,505399,497515,517124
Somalia,Africa,1957,556083,553080,576213
Somalia,Africa,1962,616031,603957,629276
Somalia,Africa,1967,685768,681311,704421
Somalia,Africa,1972,768032,761043,779322
Somalia,Africa,1977,870733,848616,901731
Somalia,Africa,1982,1165778,1142462,1204132
Somalia,Africa,1987,1384372,1331766,1428395
Somalia,Africa,1992,1219960,1218740,1221302
Somalia,Africa,1997,1326703,1322325,1359075
Somalia,Africa,2002,1550662,1497009,1558725
Somalia,Africa,2007,1823755,1821566,1892511
South Africa,Africa,1952,2852987,2838437,2894926
South Africa,Africa,1957,3230310,3111758,3281995
South Africa,Africa,1962,3671331,3627642,3706576
South Africa,Africa,1967,4199464,4196524,4271275
South Africa,Africa,1972,4787162,4779981,4900618
South Africa,Africa,1977,5425986,5392345,5573573
South Africa,Africa,1982,6228006,6100332,6304610
South Africa,Africa,1987,7186676,6984012,7400120
South Africa,Africa,1992,7992832,7878535,8279775
South Africa,Africa,1997,8567001,8534446,8608123
South Africa,Africa,2002,8886724,8603238,9187095
South Africa,Africa,2007,8799566,8466942,8896361
Spain,Europe,1952,5709974,5667720,5837306
Spain,Europe,1957,5968323,5948628,5987422
Spain,Europe,1962,6231612,6143123,6234728
Spain,Europe,1967,6570055,6497127,6732335
Spain,Europe,1972,6902632,6627907,6906083
Spain,Europe,1977,7287800,7061878,7453233
Spain,Europe,1982,7596662,7526773,7777463
Spain,Europe,1987,7776140,7687492,8071633
Spain,Europe,1992,7909888,7815760,8031700
Spain,Europe,1997,7971088,7913696,8026886
Spain,Europe,2002,8030503,7817695,8333253
Spain,Europe,2007,8089638,8028966,8152737
Sri Lanka,Asia,1952,1596468,1587368,1627599
Sri Lanka,Asia,1957,1825709,1794855,1828630
Sri Lanka,Asia,1962,2084387,2036238,2157966
Sri Lanka,Asia,1967,2347479,2283862,2382456
Sri Lanka,Asia,1972,2603347,2543210,2622872
Sri Lanka,Asia,1977,2823367,2762665,2832119
Sri Lanka,Asia,1982,3082030,3071551,3205003
Sri Lanka,Asia,1987,3299061,3167758,3428714
Sri Lanka,Asia,1992,3517412,3499121,3545903
Sri Lanka,Asia,1997,3739731,3617442,3857533
Sri Lanka,Asia,2002,3915357,3770489,4035167
Sri Lanka,Asia,2007,4075648,3992097,4146157
Sudan,Africa,1952,1700933,1655858,1723555
Sudan,Africa,1957,1950678,1940144,2008418
Sudan,Africa,1962,2236645,2191241,2314257
Sudan,Africa,1967,2543226,2538140,2543989
Sudan,Africa,1972,2919404,2877073,3003191
Sudan,Africa,1977,3420997,3405260,3534574
Sudan,Africa,1982,4073411,3940210,4127587
Sudan,Africa,1987,4945192,4758758,5067338
Sudan,Africa,1992,5645518,5563658,5711006
Sudan,Africa,1997,6432146,6351101,6656628
Sudan,Africa,2002,7418060,7314207,7604253
Sudan,Africa,2007,8458586,8210749,8539788
Swaziland,Africa,1952,58049,56755,59622
Swaziland,Africa,1957,65348,63525,67942
Swaziland,Africa,1962,74001,71492,76214
Swaziland,Africa,1967,84138,82279,86023
Swaziland,Africa,1972,96021,95282,98729
Swaziland,Africa,1977,110285,109524,111675
Swaziland,Africa,1982,129980,128511,135088
Swaziland,Africa,1987,155870,153532,158551
Swaziland,Africa,1992,192469,192277,198474
Swaziland,Africa,1997,210897,203284,215305
Swaziland,Africa,2002,226054,221827,227501
Swaziland,Africa,2007,226613,218591,230783
Sweden,Europe,1952,1424935,1424650,1433057
Sweden,Europe,1957,1472760,1433732,1507517
Sweden,Europe,1962,1512318,1454396,1517157
Sweden,Europe,1967,1573586,1535977,1586332
Sweden,Europe,1972,1624459,1623972,1630632
Sweden,Europe,1977,1650330,1612868,1685812
Sweden,Europe,1982,1665052,1632750,1698853
Sweden,Europe,1987,1684281,1669796,1719819
Sweden,Europe,1992,1743773,1701748,1765570
Sweden,Europe,1997,1779524,1760483,1817962
Sweden,Europe,2002,1790835,1782239,1826294
Sweden,Europe,2007,1806218,1791588,1860405
Switzerland,Europe,1952,963000,943644,972052
Switzerland,Europe,1957,1025200,995572,1056059
Switzerland,Europe,1962,1133200,1117788,1177508
Switzerland,Europe,1967,1212600,1206294,1249221
Switzerland,Europe,1972,1280280,1279640,1315872
Switzerland,Europe,1977,1263285,1252168,1278318
Switzerland,Europe,1982,1293625,1259603,1298411
Switzerland,Europe,1987,1329988,1298068,1361775
Switzerland,Europe,1992,1399089,1376144,1429309
Switzerland,Europe,1997,1438752,1415013,1460909
Switzerland,Europe,2002,1472351,1427739,1529331
Switzerland,Europe,2007,1510932,1472705,1565779
Syria,Asia,1952,732310,729674,749300
Syria,Asia,1957,829982,811805,848906
Syria,Asia,1962,966924,943138,1003860
Syria,Asia,1967,1136162,1130140,1145819
Syria,Asia,1972,1340234,1336615,1356585
Syria,Asia,1977,1586501,1529070,1629495
Syria,Asia,1982,1882099,1871747,1892639
Syria,Asia,1987,2248569,2223610,2274652
Syria,Asia,1992,2643812,2540439,2674216
Syria,Asia,1997,3016203,2939290,3021632
Syria,Asia,2002,3431163,3297348,3450034
Syria,Asia,2007,3862949,3732768,3955660
Taiwan,Asia,1952,1710072,1659967,1775568
Taiwan,Asia,1957,2032843,2015361,2102366
Taiwan,Asia,1962,2383788,2355898,2435516
Taiwan,Asia,1967,2729738,2627373,2818454
Taiwan,Asia,1972,3045208,2942889,3125601
Taiwan,Asia,1977,3357039,3225443,3489642
Taiwan,Asia,1982,3700278,3635523,3818687
Taiwan,Asia,1987,3951560,3932593,3994237
Taiwan,Asia,1992,4137384,4018641,4165932
Taiwan,Asia,1997,4325721,4194219,4465874
Taiwan,Asia,2002,4490848,4352530,4560905
Taiwan,Asia,2007,4634859,4626053,4806812
Tanzania,Africa,1952,1664585,1611818,1730835
Tanzania,Africa,1957,1890565,1862207,1929511
Tanzania,Africa,1962,2172792,2099569,2252968
Tanzania,Africa,1967,2521462,2448592,2610722
Tanzania,Africa,1972,2941319,2836314,2947496
Tanzania,Africa,1977,3425913,3327247,3541024
Tanzania,Africa,1982,3968876,3908152,3992292
Tanzania,Africa,1987,4608126,4539465,4713191
Tanzania,Africa,1992,5321095,5179022,5364196
Tanzania,Africa,1997,6137378,6120807,6279151
Tanzania,Africa,2002,6918756,6834347,6918756
Tanzania,Africa,2007,7627928,7389174,7800319
Thailand,Asia,1952,4257880,4232759,4325580
Thailand,Asia,1957,5008383,4945277,5192691
Thailand,Asia,1962,5852679,5730943,6020651
Thailand,Asia,1967,6804850,6685085,6909645
Thailand,Asia,1972,7855231,7679274,8132521
Thailand,Asia,1977,8829657,8668957,9135163
Thailand,Asia,1982,9765432,9740042,10134565
Thailand,Asia,1987,10582068,10177833,10938684
Thailand,Asia,1992,11333419,11132817,11428620
Thailand,Asia,1997,12043335,11890385,12114391
Thailand,Asia,2002,12561350,12293793,12857798
Thailand,Asia,2007,13013630,12932945,13269999
Togo,Africa,1952,243823,242970,249065
Togo,Africa,1957,271489,269507,282186
Togo,Africa,1962,305620,302961,307637
Togo,Africa,1967,347110,340793,359467
Togo,Africa,1972,411270,399302,417357
Togo,Africa,1977,461716,446018,471551
Togo,Africa,1982,528953,524880,529799
Togo,Africa,1987,630853,613063,652870
Togo,Africa,1992,749511,720280,752359
Togo,Africa,1997,864178,841450,880857
Togo,Africa,2002,995476,978155,1014589
Togo,Africa,2007,1140316,1107133,1173385
Trinidad and Tobago,Americas,1952,132570,127638,137753
Trinidad and Tobago,Americas,1957,152980,151358,154403
Trinidad and Tobago,Americas,1962,177500,174145,179453
Trinidad and Tobago,Americas,1967,192031,191685,198714
Trinidad and Tobago,Americas,1972,195040,189540,201632
Trinidad and Tobago,Americas,1977,207802,203916,215657
Trinidad and Tobago,Americas,1982,223296,221018,225551
Trinidad and Tobago,Americas,1987,238267,230785,238791
Trinidad and Tobago,Americas,1992,236734,229537,242155
Trinidad and Tobago,Americas,1997,227620,225162,230169
Trinidad and Tobago,Americas,2002,220366,216884,229026
Trinidad and Tobago,Americas,2007,211322,210561,217894
Tunisia,Africa,1952,729547,703356,738375
Tunisia,Africa,1957,790170,779819,805657
Tunisia,Africa,1962,857310,839992,861597
Tunisia,Africa,1967,957397,923888,975971
Tunisia,Africa,1972,1060701,1053913,1077036
Tunisia,Africa,1977,1201012,1159817,1226473
Tunisia,Africa,1982,1346820,1343722,1375103
Tunisia,Africa,1987,1544995,1508688,1576204
Tunisia,Africa,1992,1704615,1646147,1713479
Tunisia,Africa,1997,1846334,1824917,1893969
Tunisia,Africa,2002,1954115,1928516,2012152
Tunisia,Africa,2007,2055232,2042695,2080922
Turkey,Europe,1952,4447135,4299490,4508950
Turkey,Europe,1957,5134188,4956032,5205040
Turkey,Europe,1962,5957739,5847521,6146599
Turkey,Europe,1967,6682263,6629473,6920152
Turkey,Europe,1972,7498591,7396610,7630566
Turkey,Europe,1977,8480807,8474022,8557134
Turkey,Europe,1982,9465758,9354062,9479010
Turkey,Europe,1987,10576266,10491656,10768754
Turkey,Europe,1992,11635829,11438020,11689354
Turkey,Europe,1997,12609529,12416603,13002946
Turkey,Europe,2002,13461786,13166973,13543903
Turkey,Europe,2007,14231729,13904399,14571867
Uganda,Africa,1952,1164959,1137932,1190239
Uganda,Africa,1957,1335100,1292777,1364339
Uganda,Africa,1962,1537759,1490704,1573127
Uganda,Africa,1967,1780059,1710637,1782551
Uganda,Africa,1972,2038057,1972024,2043560
Uganda,Africa,1977,2291552,2289948,2312176
Uganda,Africa,1982,2587880,2527065,2649989
Uganda,Africa,1987,3056610,3039187,3092984
Uganda,Africa,1992,3650438,3646423,3747540
Uganda,Africa,1997,4242051,4192419,4255201
Uganda,Africa,2002,4947974,4797556,5040006
Uganda,Africa,2007,5834080,5687061,6014353
United Kingdom,Europe,1952,10086000,10010355,10158619
United Kingdom,Europe,1957,10286000,10218112,10655267
United Kingdom,Europe,1962,10658400,10481471,11041037
United Kingdom,Europe,1967,10991800,10590599,11228124
United Kingdom,Europe,1972,11215800,10938770,11398618
United Kingdom,Europe,1977,11235800,10924568,11403213
United Kingdom,Europe,1982,11267941,10885958,11694996
United Kingdom,Europe,1987,11396324,11128510,11624250
United Kingdom,Europe,1992,11573270,11428604,11626507
United Kingdom,Europe,1997,11761653,11521715,12134497
United Kingdom,Europe,2002,11982486,11829110,12405468
United Kingdom,Europe,2007,12155248,12073808,12361887
United States,Americas,1952,31510600,31239609,31863519
United States,Americas,1957,34396800,33829253,35119133
United States,Americas,1962,37307600,36076449,37893329
United States,Americas,1967,39742400,39134341,40684295
United States,Americas,1972,41979200,40354605,42852367
United States,Americas,1977,44047800,42607437,44818637
United States,Americas,1982,46437567,45963904,47714600
United States,Americas,1987,48560707,47225288,49177428
United States,Americas,1992,51378838,50212538,53074340
United States,Americas,1997,54582352,52944881,55079051
United States,Americas,2002,57535105,57080578,59675411
United States,Americas,2007,60227989,59420934,61239819
Uruguay,Americas,1952,450593,438968,464561
Uruguay,Americas,1957,484992,472770,501142
Uruguay,Americas,1962,519693,511274,522291
Uruguay,Americas,1967,549716,530751,550980
Uruguay,Americas,1972,565905,544061,579600
Uruguay,Americas,1977,574704,572865,596888
Uruguay,Americas,1982,590799,576206,592099
Uruguay,Americas,1987,609031,602149,609153
Uruguay,Americas,1992,629852,616814,639930
Uruguay,Americas,1997,652568,633839,659420
Uruguay,Americas,2002,672617,658088,693065
Uruguay,Americas,2007,689499,679915,707702
Venezuela,Americas,1952,1087914,1046138,1120878
Venezuela,Americas,1957,1340534,1292945,1341472
Venezuela,Americas,1962,1628675,1578675,1663854
Venezuela,Americas,1967,1941910,1872001,1946182
Venezuela,Americas,1972,2303130,2246243,2306354
Venezuela,Americas,1977,2700713,2605108,2753647
Venezuela,Americas,1982,3124153,3009809,3188511
Venezuela,Americas,1987,3582036,3470276,3584543
Venezuela,Americas,1992,4053113,3969619,4164168
Venezuela,Americas,1997,4474880,4332131,4543793
Venezuela,Americas,2002,4857534,4674405,4976058
Venezuela,Americas,2007,5216932,5058337,5385439
Vietnam,Asia,1952,5249368,5148580,5414198
Vietnam,Asia,1957,5799709,5668636,5945282
Vietnam,Asia,1962,6759228,6713265,6907931
Vietnam,Asia,1967,7892782,7863579,8073527
Vietnam,Asia,1972,8931003,8816686,9115875
Vietnam,Asia,1977,10106701,9755998,10267398
Vietnam,Asia,1982,11228436,10952216,11469847
Vietnam,Asia,1987,12565298,12366766,12786447
Vietnam,Asia,1992,13988146,13610466,14160200
Vietnam,Asia,1997,15209799,14826512,15495743
Vietnam,Asia,2002,16181629,16048940,16325645
Vietnam,Asia,2007,17052471,16685843,17105334
Palestine,Asia,1952,206117,202572,208240
Palestine,Asia,1957,214088,210919,220339
Palestine,Asia,1962,226627,222321,231885
Palestine,Asia,1967,228527,224939,237600
Palestine,Asia,1972,217914,209503,220485
Palestine,Asia,1977,252218,243769,253403
Palestine,Asia,1982,285175,284262,293160
Palestine,Asia,1987,338242,325592,341117
Palestine,Asia,1992,420956,406812,434553
Palestine,Asia,1997,565209,555883,586970
Palestine,Asia,2002,677916,672628,696491
Palestine,Asia,2007,803666,790164,825526
"Yemen, Rep.",Asia,1952,992766,973903,1024535
"Yemen, Rep.",Asia,1957,1099618,1097309,1116552
"Yemen, Rep.",Asia,1962,1224016,1223282,1260247
"Yemen, Rep.",Asia,1967,1348157,1295714,1376738
"Yemen, Rep.",Asia,1972,1481415,1432232,1529857
"Yemen, Rep.",Asia,1977,1680798,1676092,1737441
"Yemen, Rep.",Asia,1982,1931524,1885940,1936546
"Yemen, Rep.",Asia,1987,2243868,2200113,2270794
"Yemen, Rep.",Asia,1992,2673599,2604085,2746054
"Yemen, Rep.",Asia,1997,3165299,3125416,3171946
"Yemen, Rep.",Asia,2002,3740251,3659462,3799347
"Yemen, Rep.",Asia,2007,4442349,4406366,4451234
Zambia,Africa,1952,534400,530552,534774
Zambia,Africa,1957,603200,592161,608146
Zambia,Africa,1962,684200,663606,697679
Zambia,Africa,1967,780000,769704,810810
Zambia,Africa,1972,901299,870114,933115
Zambia,Africa,1977,1043310,1013576,1072001
Zambia,Africa,1982,1220081,1178598,1230330
Zambia,Africa,1987,1454481,1406338,1494916
Zambia,Africa,1992,1676233,1620917,1718809
Zambia,Africa,1997,1883558,1817633,1896366
Zambia,Africa,2002,2119162,2045203,2166207
Zambia,Africa,2007,2349207,2278496,2351791
Zimbabwe,Africa,1952,616181,615380,616797
Zimbabwe,Africa,1957,729268,704910,750490
Zimbabwe,Africa,1962,855547,829282,879759
Zimbabwe,Africa,1967,999086,967315,1013673
Zimbabwe,Africa,1972,1172227,1145266,1214427
Zimbabwe,Africa,1977,1328421,1277675,1372392
Zimbabwe,Africa,1982,1527305,1518599,1535094
Zimbabwe,Africa,1987,1843284,1783746,1907799
Zimbabwe,Africa,1992,2140868,2093127,2198029
Zimbabwe,Africa,1997,2280990,2239476,2281218
Zimbabwe,Africa,2002,2385313,2317332,2480248
Zimbabwe,Africa,2007,2462229,2455335,2466907
